rating,review_date,location,username,review_text,fit_feedback,comfort_feedback,recommend_feedback,product_name,is_promo,color,full_price,is_discounted,current_price,stock_label,word_count,sentiment_label,discount_amount,vader_compound,vader_pos,vader_neg,vader_neu,vader_label,rating_label
5.0,"Sep 8, 2023",US,Manny214Fresh,jordan low 1 the delivery was on time as scheduled the fit is true to size product quality is amazing overall a perfect score of 10 manny214fresh sep 8 2023 location us size you normally wear 9 5 0 0 flag,True to Size,Very Comfortable,Yes,Air Jordan 1 Low,False,Lucky Green/White/Aquatone,110,True,88.97,IN_STOCK,41,Positive,21.03,0.8934,0.292,0.048,0.661,Positive,Positive
4.0,"Sep 7, 2023",US,ChardyC719344446,runs big beautiful shoes but runs big i m usually a 8 5m so i ordered a 10w and it was too big i would definitely order half a size down next time ,Runs Big,Average,Yes,Air Jordan 1 Low,False,Lucky Green/White/Aquatone,110,True,88.97,IN_STOCK,33,Positive,21.03,0.7184,0.207,0.0,0.793,Positive,Positive
5.0,"Aug 30, 2023",US,valeriam799341841,i love the shoes i definitely recommend ,True to Size,Very Comfortable,Yes,Air Jordan 1 Low,False,Lucky Green/White/Aquatone,110,True,88.97,IN_STOCK,7,Positive,21.03,0.8555,0.825,0.0,0.175,Positive,Positive
5.0,"Aug 20, 2023",US,JoshlynO437123264,love my low dunks my 1st pair of low dunks and i love them black and red are two of my favorite colors ,True to Size,Very Comfortable,Yes,Air Jordan 1 Low,False,Lucky Green/White/Aquatone,110,True,88.97,IN_STOCK,23,Positive,21.03,0.8481,0.35,0.129,0.521,Positive,Positive
5.0,"Aug 14, 2023",US,crystals616033413,jordan low shoes these shoes met all of our expectations bright fun with that classic jordan look my daughter is a college softball coach and these shoes were purchased for her matching the school colors we are obsessed ,True to Size,Very Comfortable,Yes,Air Jordan 1 Low,False,Lucky Green/White/Aquatone,110,True,88.97,IN_STOCK,38,Positive,21.03,0.5267,0.144,0.088,0.767,Positive,Positive
5.0,"Aug 13, 2023","Porter, TX",Shequilla31,fire aj1 lows these my friend are impeccable buttery leather fire colorway fast shipping and great fit these aj1 lows were right on time for the upcoming fall season although they can be worn for any season any reason as they fit any swag shequilla31 aug 13 2023 location porter tx originally posted at hibbett sports 0 0 flag,,,,Air Jordan 1 Low,False,Lucky Green/White/Aquatone,110,True,88.97,IN_STOCK,59,Positive,21.03,0.7351,0.204,0.146,0.649,Positive,Positive
5.0,"Aug 10, 2023","Mobile, AL",jasw,back 2 school back to school shoes for my middle child perfect for a bit of flavor to school uniforms jasw aug 10 2023 location mobile al originally posted at hibbett sports 0 0 flag,,,,Air Jordan 1 Low,False,Lucky Green/White/Aquatone,110,True,88.97,IN_STOCK,35,Positive,21.03,0.5719,0.11,0.0,0.89,Positive,Positive
5.0,"Aug 10, 2023",,Racharoni,best shoes i love these shoes the color way and think they are better than dunks super clean and stylish product received for free or reviewed as part of a sweepstakes promotion teamnike racharoni aug 10 2023 originally posted at dick s sporting goods 0 0 flag,,,,Air Jordan 1 Low,True,Lucky Green/White/Aquatone,110,True,88.97,IN_STOCK,47,Positive,21.03,0.9578,0.356,0.055,0.588,Positive,Positive
5.0,"Aug 9, 2023",,HARPO120,love them the red white n blue is perfect gotnthem for both me and my sis needless to say we have folks looking for real all my lows are comfortable amd stylish theu go woth kist about anything i wear my new collection what s next harpo120 aug 9 2023 originally posted at hibbett sports 0 0 flag,,,,Air Jordan 1 Low,False,Lucky Green/White/Aquatone,110,True,88.97,IN_STOCK,58,Positive,21.03,0.886,0.184,0.03,0.787,Positive,Positive
5.0,"Aug 9, 2023",Houston,Bobba2222,great features i bought these a month ago and i am so happy i did product received for free or reviewed as part of a sweepstakes promotion teamnike bobba2222 aug 9 2023 location houston originally posted at dick s sporting goods 0 0 flag,,,,Air Jordan 1 Low,True,Lucky Green/White/Aquatone,110,True,88.97,IN_STOCK,44,Positive,21.03,0.8702,0.261,0.071,0.668,Positive,Positive
5.0,"Jul 25, 2020",,Brwnfoxxt,great shoe love these shoes they are comfortable stylish great for everyday wear brwnfoxxt jul 25 2020 originally posted at hibbett sports 0 0 flag,,,,Air Jordan 1 Low,False,Lucky Green/White/Aquatone,110,True,88.97,IN_STOCK,25,Positive,21.03,0.9493,0.452,0.0,0.548,Positive,Positive
5.0,"Jul 21, 2020",,23LatinloverKicks,very happy gray service never had a problem with them product received for free or reviewed as part of a sweepstakes promotion teamnike 23latinloverkicks jul 21 2020 originally posted at hibbett sports 0 0 flag,,,,Air Jordan 1 Low,True,Lucky Green/White/Aquatone,110,True,88.97,IN_STOCK,35,Positive,21.03,0.8608,0.254,0.0,0.746,Positive,Positive
4.0,"Jul 20, 2020",,GlamGirll4,loving my jordan 1 low tennis shoes i boughr my shoes last month i love the color and they are very comfortable i have gotten a lot of compliments on my shoes my daughter want a pair now glamgirll4 jul 20 2020 originally posted at hibbett sports 0 0 flag,,,,Air Jordan 1 Low,False,Lucky Green/White/Aquatone,110,True,88.97,IN_STOCK,50,Positive,21.03,0.9273,0.292,0.039,0.669,Positive,Positive
5.0,"Jul 20, 2020",,0,jordan 1 s these shoes are my favorite jordan s and they are comfortable tyti r jul 20 2020 originally posted at hibbett sports 0 0 flag,,,,Air Jordan 1 Low,False,Lucky Green/White/Aquatone,110,True,88.97,IN_STOCK,27,Positive,21.03,0.743,0.249,0.0,0.751,Positive,Positive
5.0,"Jul 19, 2020",,Kalboako,sold out fast good quality is good for the price color blocking is on point kalboako jul 19 2020 originally posted at hibbett sports 1 0 flag,,,,Air Jordan 1 Low,False,Lucky Green/White/Aquatone,110,True,88.97,IN_STOCK,27,Positive,21.03,0.4939,0.191,0.086,0.724,Positive,Positive
5.0,"Jul 19, 2020",,0,great buy i absolutely love this shoe the color waves are nice too friendly buyer jul 19 2020 originally posted at hibbett sports 0 0 flag,,,,Air Jordan 1 Low,False,Lucky Green/White/Aquatone,110,True,88.97,IN_STOCK,26,Positive,21.03,0.9392,0.434,0.0,0.566,Positive,Positive
5.0,"Jul 13, 2020",,Cute,cute bought this pair for my mom and she absolutely loves them tynae jul 13 2020 originally posted at hibbett sports 0 0 flag,,,,Air Jordan 1 Low,False,Lucky Green/White/Aquatone,110,True,88.97,IN_STOCK,24,Positive,21.03,0.7902,0.259,0.0,0.741,Positive,Positive
5.0,"Aug 29, 2023",US,Lakeisha906051571,great service love my shoes came on time a great sale kept me informed about my order everything was great ,True to Size,Very Comfortable,Yes,Nike Gamma Force,False,Sail/Wheat Gold/Team Red/Fir,90,False,90.0,BEST_SELLER,20,Positive,0.0,0.9552,0.524,0.0,0.476,Positive,Positive
5.0,"Aug 26, 2023",US,Pisbull,og shoe my daughter loves them the details are definitely nike og if it helps she and i agreed they fit like air force 1s pisbull aug 26 2023 location us 0 0 flag,Runs Big,Average,Yes,Nike Gamma Force,False,Sail/Wheat Gold/Team Red/Fir,90,False,90.0,BEST_SELLER,34,Positive,0.0,0.9337,0.392,0.0,0.608,Positive,Positive
5.0,"Aug 25, 2023",,Gretel,worth it i m typically in between a size 6 6 5 in shoes and my feet are not narrow i got them in a size 6 5 but i think i could have got them in a size 6 because they do slip a bit when i am walking and i can slip my feet in and out of them without untying the shoelaces i m going to rate them as runs large but i think i can make it fit better with thick socks or shoe inserts gretel aug 25 2023 originally posted at dick s sporting goods 0 0 flag,,,,Nike Gamma Force,False,Sail/Wheat Gold/Team Red/Fir,90,False,90.0,BEST_SELLER,103,Positive,0.0,0.4767,0.097,0.051,0.852,Positive,Positive
5.0,"Aug 23, 2023",US,MaraY202167692,good fit nice color way the off white laces and soles give it a clean look,True to Size,Average,Yes,Nike Gamma Force,False,Sail/Wheat Gold/Team Red/Fir,90,False,90.0,BEST_SELLER,16,Positive,0.0,0.872,0.498,0.0,0.502,Positive,Positive
5.0,"Aug 23, 2023",New Mexico,Ninny42,great deal bought them as a gift for my daughter and she loved them product received for free or reviewed as part of a sweepstakes promotion teamnike ninny42 aug 23 2023 location new mexico originally posted at dick s sporting goods 0 0 flag,,,,Nike Gamma Force,True,Sail/Wheat Gold/Team Red/Fir,90,False,90.0,BEST_SELLER,44,Positive,0.0,0.8979,0.276,0.064,0.66,Positive,Positive
4.0,"Aug 20, 2023",US,Emily131708445,i love them a lot i bought them at a mall and i really love them they are comfy and really cute ,True to Size,Average,Yes,Nike Gamma Force,False,Sail/Wheat Gold/Team Red/Fir,90,False,90.0,BEST_SELLER,22,Positive,0.0,0.9134,0.455,0.0,0.545,Positive,Positive
5.0,"Aug 20, 2023",US,Cherry103212241,best shoes ever they stylish and comfortable i just bought them and i am already in love with them the color is amazing,True to Size,Very Comfortable,Yes,Nike Gamma Force,False,Sail/Wheat Gold/Team Red/Fir,90,False,90.0,BEST_SELLER,23,Positive,0.0,0.9477,0.477,0.0,0.523,Positive,Positive
4.0,"Aug 16, 2023",US,Angelica167527703,runs big order a size down these are super cute i ordered them online and i normally wear a women s 9 but when i wore them for the first time i realized they re too big for me i ended up going to a nike store in person and exchanged them for a women s 8 8 5 was still too big would definitely reccomend going a size down at least ,Runs Big,Very Comfortable,Yes,Nike Gamma Force,False,Sail/Wheat Gold/Team Red/Fir,90,False,90.0,BEST_SELLER,72,Positive,0.0,0.7906,0.131,0.0,0.869,Positive,Positive
5.0,"Aug 10, 2023","Stamford, GB",CarolynG81054028,super stylish shoes absolutely love these shoes super comfy very stylish i sized down by half a size will definitely re order in an other colour go with so many outfits carolyng81054028 aug 10 2023 location stamford gb 0 0 flag,,,,Nike Gamma Force,False,Sail/Wheat Gold/Team Red/Fir,90,False,90.0,BEST_SELLER,41,Positive,0.0,0.9432,0.312,0.0,0.688,Positive,Positive
4.0,"Aug 8, 2023",,Jules,good really nice pair for everyday use fits true to size i am standard 38 and ordered 38 they fit good jules aug 8 2023 0 0 flag,,,,Nike Gamma Force,False,Sail/Wheat Gold/Team Red/Fir,90,False,90.0,BEST_SELLER,28,Positive,0.0,0.9216,0.428,0.0,0.572,Positive,Positive
5.0,"May 17, 2023",Leicester,Faye,love them so comfy and have had some many compliments with them faye may 17 2023 location leicester 0 0 flag,,,,Nike Gamma Force,False,Sail/Wheat Gold/Team Red/Fir,90,False,90.0,BEST_SELLER,21,Positive,0.0,0.7845,0.289,0.0,0.711,Positive,Positive
5.0,"May 16, 2023","Hutto, TX",Ily,i like these shoes the sneakers are very comfortable when i first tried them on the fit was just right for me these shoes are a little wide but so are my feet so in this case it was perfect my job requires me to stand on my feet for 10 hours and my feet don t start to ache in these there is just enough support and cushion to keep me comfy for those long days i got the black and white color and to me they are read more product received for free or reviewed as part of a sweepstakes promotion teamnike ily may 16 2023 location hutto tx age 25 to 34 height 5 6 5 7 0 0 flag,,,,Nike Gamma Force,False,Sail/Wheat Gold/Team Red/Fir,90,False,90.0,BEST_SELLER,123,Positive,0.0,0.976,0.208,0.026,0.766,Positive,Positive
4.0,"May 16, 2023","North Huntingdon, PA",Location,gamma forces are a win these are pretty fantastic i am not usually one for low top sneakers but i wanted to try something new with these after a few wears i can definitely say they re a conversation starter people have been asking me about them constantly i love the materials for starters the mix of synthetic and real leather makes for a very comfortable and seemingly durable fit my favorite detail is the read more product received for free or reviewed as part of a sweepstakes promotion teamnike air max 1 slide may 16 2023 location north huntingdon pa age 18 to 24 height 5 6 5 7 0 0 flag,,,,Nike Gamma Force,False,Sail/Wheat Gold/Team Red/Fir,90,False,90.0,BEST_SELLER,113,Positive,0.0,0.9868,0.281,0.013,0.707,Positive,Positive
5.0,"May 16, 2023","Denver, CO",Anisha,great sneakers for this summer i loveeee these shoes i thought they would look the exact same as air force 1s at first but now that i ve worn them they look much sleeker and less chunky than the classic af1s i m obsessed with the design i absolutely love the look of the black strip on the heel of the shoe these can honestly be dressed up or down i have worn them twice now once with leggings and a t shirt and another read more product received for free or reviewed as part of a sweepstakes promotion teamnike anisha may 16 2023 location denver co age 25 to 34 height 5 6 5 7 0 0 flag,,,,Nike Gamma Force,False,Sail/Wheat Gold/Team Red/Fir,90,False,90.0,BEST_SELLER,119,Positive,0.0,0.9116,0.143,0.063,0.794,Positive,Positive
4.0,"May 16, 2023","ALPINE, YT",Mads,just like air forces these shoes are basically like air forces not super comfortable but the style matches and i definitely see these shoes becoming a trend they are perfect for teens in high school or going out for a quick grocery run i wouldn t wear these that much just because they aren t the most comfortable to be in for that long i already have some of the stitches coming out unfortunately after only two days of less than 5 hours of wear product received for free or reviewed as part of a sweepstakes promotion teamnike mads may 16 2023 location alpine yt age 18 to 24 height 5 2 5 3 0 0 flag,,,,Nike Gamma Force,False,Sail/Wheat Gold/Team Red/Fir,90,False,90.0,BEST_SELLER,117,Positive,0.0,0.789,0.138,0.088,0.774,Positive,Positive
5.0,"May 16, 2023","Houston, TX",EB,perfect versatile sneakers i got these in the white and black color scheme these sneakers are true to size and are comfy they are a great sneaker to dress up or down i have worn them with dress pants to the office but also with workout gear just out running errands if you are in the market looking for a pair of sneakers that are versatile with whatever your plans are for the day i would highly recommend these they read more product received for free or reviewed as part of a sweepstakes promotion teamnike eb may 16 2023 location houston tx age 25 to 34 height 5 6 5 7 0 0 flag,,,,Nike Gamma Force,False,Sail/Wheat Gold/Team Red/Fir,90,False,90.0,BEST_SELLER,114,Positive,0.0,0.9484,0.158,0.014,0.828,Positive,Positive
3.0,"May 15, 2023","Chula Vista, CA",Location,a chunky sneaker i would have loved as a kid this model reminds me of the chunky white shoes i would wear in high school nice for casual but i wouldn t be able to wear these for a full day they need a modern cushioning but that s not the style of this shoe i suppose product received for free or reviewed as part of a sweepstakes promotion teamnike a new twist to a classic may 15 2023 location chula vista ca age 35 to 44 height 5 4 5 5 0 0 flag,,,,Nike Gamma Force,False,Sail/Wheat Gold/Team Red/Fir,90,False,90.0,BEST_SELLER,95,Neutral,0.0,0.8481,0.124,0.0,0.876,Positive,Neutral
5.0,"May 12, 2023","Portland, OR",Mia,great everyday shoe i really like these air forces the color way is perfect for summer because it will match everything however i would say these run about a half size big i think i could have gotten a 6 5 and i am usually a very solid size 7 but i tightened the laces on mine and they work for me because i have a bone on top of my foot that rubs with most shoes so it s better to have them a little oversized read more product received for free or reviewed as part of a sweepstakes promotion teamnike mia may 12 2023 location portland or age 25 to 34 height 5 2 5 3 0 0 flag,,,,Nike Gamma Force,False,Sail/Wheat Gold/Team Red/Fir,90,False,90.0,BEST_SELLER,121,Positive,0.0,0.9367,0.171,0.025,0.804,Positive,Positive
4.0,"May 12, 2023","Odenton, MD",Terra,great staple sneaker i was excited to get this shoe because i ve been on the hunt for a classic black and white color way the gamma force fits similar to air force 1s so it s a little roomy i would recommend going a half size down over all they re very comfortable and pair well with leggings jeans or cargo pants you could honestly even wear them with a black tennis skirt for a cute monochromatic read more product received for free or reviewed as part of a sweepstakes promotion teamnike terra may 12 2023 location odenton md age 25 to 34 height 5 6 5 7 0 0 flag,,,,Nike Gamma Force,False,Sail/Wheat Gold/Team Red/Fir,90,False,90.0,BEST_SELLER,112,Positive,0.0,0.971,0.212,0.0,0.788,Positive,Positive
5.0,"May 10, 2023","Los Angeles, CA",Shayna,surprisingly comfortable and sooo perfect i thought these shoes were not gonna be comfortable bc it seems very stiff and structure but it s actually so comfortable and seems really durable i am pleasantly surprised by how much i like these shoes because it s so simple and versatile i see myself making these a staple every day shoes i love the different materials and fabric that give the shoes personality as well i wouldn t change anything about these shoes and i for sure want to get another pair product received for free or reviewed as part of a sweepstakes promotion teamnike shayna may 10 2023 location los angeles ca age 25 to 34 height 5 2 5 3 0 0 flag,,,,Nike Gamma Force,False,Sail/Wheat Gold/Team Red/Fir,90,False,90.0,BEST_SELLER,123,Positive,0.0,0.99,0.304,0.0,0.696,Positive,Positive
4.0,"May 10, 2023","Baltimore, MD",Refreshing,refreshing twist on a classic this shoe is a very nice twist on a classic the shoe is fantastic looking and better durability to me than the classics i really like these i don t know how good they would look in a larger size though product received for free or reviewed as part of a sweepstakes promotion teamnike refreshing may 10 2023 location baltimore md age 35 to 44 height 5 4 5 5 0 0 flag,,,,Nike Gamma Force,False,Sail/Wheat Gold/Team Red/Fir,90,False,90.0,BEST_SELLER,78,Positive,0.0,0.9558,0.243,0.0,0.757,Positive,Positive
5.0,"May 10, 2023","Bethlehem, PA",Location,perfect mix of style and comfort the most notable aspect of these shoes is their perfect balance between comfort and versatility my go to shoes are running shoes because they are the most comfortable and most flexible though they re not always the most stylish the gamma force shoes however seem to have struck the right balance between a very stylish yet simple design that maintains the comfort of a running or a basketball read more product received for free or reviewed as part of a sweepstakes promotion teamnike juan emanuel may 10 2023 location bethlehem pa age 25 to 34 height 5 10 5 11 0 0 flag,,,,Nike Gamma Force,False,Sail/Wheat Gold/Team Red/Fir,90,False,90.0,BEST_SELLER,109,Positive,0.0,0.9682,0.203,0.017,0.78,Positive,Positive
5.0,"May 10, 2023","Caldwell, ID",Maddie,in love with the gamma force i am huge fan of nike sneakers i have a couple pairs of each style and i have to say i love these gamma forces i would compare them to a mix of the dunk low and air force one they are slightly more platform than the dunk low but have a similar toe box i love the design they re still super neutral in black and white but i feel like they add a little something extra to every outfit i wear them read more product received for free or reviewed as part of a sweepstakes promotion teamnike maddie may 10 2023 location caldwell id age 25 to 34 height 5 6 5 7 0 0 flag,,,,Nike Gamma Force,False,Sail/Wheat Gold/Team Red/Fir,90,False,90.0,BEST_SELLER,124,Positive,0.0,0.9782,0.218,0.025,0.757,Positive,Positive
4.0,"May 10, 2023","Greenwich, CT",Nomad,cute casual shoe i have the gamma force shoes in the white with black accents look wise they are cute stylish in a casual way and somewhat similar to the af1 the sole feels very thick like a hard block i would not recommend these shoes for any sort of sport or physical activity but for casual wear i did not have any discomfort there are several different materials used on the shoe which helps them stand read more product received for free or reviewed as part of a sweepstakes promotion teamnike nomad may 10 2023 location greenwich ct age 25 to 34 height 5 6 5 7 0 0 flag,,,,Nike Gamma Force,False,Sail/Wheat Gold/Team Red/Fir,90,False,90.0,BEST_SELLER,111,Positive,0.0,0.9513,0.208,0.042,0.75,Positive,Positive
5.0,"May 8, 2023","Brush Prairie, WA",Location,perfect everyday shoe once i slipped my foot in the shoe i loved how comfortable they are i can wear these shoes all day without a problem i love the design a good balance of black or white colors these shoes with go perfect with most of my outfits anyday product received for free or reviewed as part of a sweepstakes promotion teamnike everyday shoes may 8 2023 location brush prairie wa age 25 to 34 height 5 2 5 3 0 0 flag,,,,Nike Gamma Force,False,Sail/Wheat Gold/Team Red/Fir,90,False,90.0,BEST_SELLER,84,Positive,0.0,0.9622,0.261,0.038,0.701,Positive,Positive
5.0,"Apr 27, 2023","London, GB",khadeja813480620,really comfortable they re really comfortable and the neutral tones match almost every outfit khadeja813480620 apr 27 2023 location london gb 0 0 flag,,,,Nike Gamma Force,False,Sail/Wheat Gold/Team Red/Fir,90,False,90.0,BEST_SELLER,24,Positive,0.0,0.8012,0.264,0.0,0.736,Positive,Positive
4.0,"Sep 7, 2023",US,Erin364322960, love them so much the part at the achilles heel is not the best fabric though it easily get ps sweaty there typically i m size 7 5 and i found that size fit me but since i m still growing i tried a size up and it fit just as well so i recommend getting it in person so you can try on different sizes but then again i haven t gotten shoes in a while and i m still growing ,True to Size,Average,Yes,Nike Blazer Mid '77,False,NBY,105,False,105.0,BEST_SELLER,82,Positive,0.0,0.9453,0.253,0.027,0.72,Positive,Positive
5.0,"Sep 3, 2023",US,Russel922722652,i like it it soft light weight i juz cant use a thick socks coz theres no allowance for my feet ,True to Size,Average,Yes,Nike Blazer Mid '77,False,NBY,105,False,105.0,BEST_SELLER,21,Positive,0.0,0.0772,0.121,0.106,0.773,Positive,Positive
1.0,"Aug 31, 2023",US,Disappointed,would you recommend this product no disappointed okay overall i loved the shoes but once i seen the lip of them i was highly disappointed it s like they just stopped making the rest of the shoe definitely not my style andrea371103620 aug 31 2023 location us size you normally wear 10 1 0 flag,True to Size,Very Comfortable,No,Nike Blazer Mid '77,False,NBY,105,False,105.0,BEST_SELLER,55,Negative,0.0,0.401,0.204,0.161,0.635,Positive,Negative
5.0,"Aug 30, 2023",US,Serg44,comfortable for walking and activities i purchased the nike blazers for my niece and she says there one of the most comfortable pair of sneakers she s owned serg44 aug 30 2023 verified purchaser location us 1 0 flag,True to Size,Very Comfortable,Yes,Nike Blazer Mid '77,False,NBY,105,False,105.0,BEST_SELLER,39,Positive,0.0,0.765,0.167,0.0,0.833,Positive,Positive
5.0,"Aug 26, 2023",London,Dd09,good so far haven t had an opportunity to wear these yet but i bought them for rainy days hoping it does the job my current trainers not leather make my feet wet and in this rainy country it s not doing the job so fingers crossed these work not used to wearing high tops so feels a bit strange but they look good dd09 aug 26 2023 location london 0 0 flag,,,,Nike Blazer Mid '77,False,NBY,105,False,105.0,BEST_SELLER,73,Positive,0.0,0.9073,0.197,0.068,0.734,Positive,Positive
4.0,"Aug 23, 2023",Schererville,Starmal405,old school high tops my daughter begged for these to fit in at school i told her no but my dad bought them for her and she is in love with them only flaw is the time it takes to put them on product received for free or reviewed as part of a sweepstakes promotion teamnike starmal405 aug 23 2023 location schererville originally posted at dick s sporting goods 0 0 flag,,,,Nike Blazer Mid '77,True,NBY,105,False,105.0,BEST_SELLER,72,Positive,0.0,0.8442,0.174,0.075,0.751,Positive,Positive
5.0,"Aug 23, 2023","Masury,Ohio",Ericb78,kid loves them got these about 3 weeks ago for the kido and she likes the way they feel product received for free or reviewed as part of a sweepstakes promotion teamnike ericb78 aug 23 2023 location masury ohio originally posted at dick s sporting goods 0 0 flag,,,,Nike Blazer Mid '77,True,NBY,105,False,105.0,BEST_SELLER,49,Positive,0.0,0.7579,0.185,0.062,0.753,Positive,Positive
5.0,"Aug 23, 2023",Mebane,jnette72,in style shoe exactly what my neice was looking for and the price was the lowest online and in any of the stores around product received for free or reviewed as part of a sweepstakes promotion teamnike jnette72 aug 23 2023 location mebane originally posted at dick s sporting goods 0 0 flag,,,,Nike Blazer Mid '77,True,NBY,105,False,105.0,BEST_SELLER,53,Positive,0.0,-0.3818,0.06,0.107,0.833,Negative,Positive
5.0,"Aug 22, 2023",US,Daisy85914986,i am absolutely in love with these shoes i have been looking for a very long time a nike classic shoe but with a blue logo because i had a pair many years ago and still have them now and this replaces it it s so comfortable and stylish and meant for everyday wear,True to Size,Very Comfortable,Yes,Nike Blazer Mid '77,False,NBY,105,False,105.0,BEST_SELLER,54,Positive,0.0,0.8625,0.164,0.0,0.836,Positive,Positive
5.0,"Aug 22, 2023",US,ShenellM852218353,super fine i love them i like the slim fit of the high top i have slender ankles and i feel the slim fit makes my legs look fine ,True to Size,Very Comfortable,Yes,Nike Blazer Mid '77,False,NBY,105,False,105.0,BEST_SELLER,29,Positive,0.0,0.9584,0.553,0.0,0.447,Positive,Positive
5.0,"Jul 21, 2020",,Bindi,vintage blazer mid perfect fit and fast delivery amazing quality will buy more bindi jul 21 2020 originally posted at hibbett sports 1 0 flag,,,,Nike Blazer Mid '77,False,NBY,105,False,105.0,BEST_SELLER,25,Positive,0.0,0.875,0.333,0.0,0.667,Positive,Positive
5.0,"Jul 21, 2020",,Eggmma,amazing shoes these shoes are so comfortable and go with everything they came so quickly too love them eggmma jul 21 2020 originally posted at hibbett sports 0 0 flag,,,,Nike Blazer Mid '77,False,NBY,105,False,105.0,BEST_SELLER,30,Positive,0.0,0.9261,0.333,0.0,0.667,Positive,Positive
4.0,"Jul 21, 2020",,everly,nice the shoes are very nice the sizing chart is accurate and they look great they are a little heavier than i expected but all in all i really like them my shoes were shipped out only a few hours after ordering and i received them days earlier than expected product received for free or reviewed as part of a sweepstakes promotion teamnike everly jul 21 2020 originally posted at hibbett sports 0 0 flag,,,,Nike Blazer Mid '77,True,NBY,105,False,105.0,BEST_SELLER,75,Positive,0.0,0.9259,0.189,0.0,0.811,Positive,Positive
5.0,"Jul 18, 2020",,Izzie96,the next most popular shoe ever super comfy stylish shoe i feel like i can wear them with literally anything izzie96 jul 18 2020 originally posted at hibbett sports 0 0 flag,,,,Nike Blazer Mid '77,False,NBY,105,False,105.0,BEST_SELLER,32,Positive,0.0,0.8588,0.275,0.0,0.725,Positive,Positive
5.0,"Jul 15, 2020",,xiomara,so cute i am a size 9 in women s and bought the 7 5 fits perfect product received for free or reviewed as part of a sweepstakes promotion teamnike xiomara jul 15 2020 originally posted at nordstrom 1 1 flag,,,,Nike Blazer Mid '77,True,NBY,105,False,105.0,BEST_SELLER,41,Positive,0.0,0.8832,0.262,0.0,0.738,Positive,Positive
5.0,"Jun 23, 2020","CA, US",kyliem509497105,excellent shoe read if considering purchase it s stitching is very precise with a vintage look to it upon receiving it needs time to break in because it may be difficult to put your foot into the shoe and it s a bit tight around the ankle but it will become way more comfortable over time do not be alarmed if it feels somewhat uncomfortable on the first wear that s normal the shoes match with pretty much every single outfit a very read more kyliem509497105 jun 23 2020 location ca us 7 0 flag,,,,Nike Blazer Mid '77,False,NBY,105,False,105.0,BEST_SELLER,95,Positive,0.0,0.8856,0.141,0.047,0.812,Positive,Positive
3.0,"Jun 5, 2020",,13,how comfortable was this product average the shoe is okay if you want to buy this shoe and have wide feet i would recommend going up a half size instead of a 6 5 i ended up getting a 7 you do have to unlace them a lot to get your foot in because they are a narrow but i do love the look of the shoe jun 5 2020 verified purchaser 13 0 flag,,,,Nike Blazer Mid '77,False,NBY,105,False,105.0,BEST_SELLER,75,Neutral,0.0,0.8834,0.177,0.0,0.823,Positive,Neutral
4.0,"May 27, 2020","Seattle, WA, US",H,cute old school these are definitely streetwear and you probably have to break these in i m not complaining as i stated these are cute and worth the extra work there is a break in time needed and thats why i didn t rate these sneakers a perfect score i would buy these again h may 27 2020 verified purchaser location seattle wa us 1 0 flag,,,,Nike Blazer Mid '77,False,NBY,105,False,105.0,BEST_SELLER,67,Positive,0.0,0.9312,0.241,0.0,0.759,Positive,Positive
5.0,"May 20, 2020",US,L,love these sneakers i love nike because their shoes are always true to size these sneakers fit me perfectly and i get many compliments the only thing that bothered me at first was that the material was stiff around the ankle but as you wear them more the material loosens up l may 20 2020 verified purchaser location us 3 0 flag,,,,Nike Blazer Mid '77,False,NBY,105,False,105.0,BEST_SELLER,62,Positive,0.0,0.8641,0.205,0.025,0.77,Positive,Positive
5.0,"May 13, 2020",,missmusician,comfortable and stylish i m a huge fan of nike blazer shoes and have been through two pairs of the low tops to mix things up i ordered the high tops and am absolutely in love i was worried they might look clownish because of my larger feet 10 5 but i was surprised to find that they are comfortable and sleek can t wait to pair with cropped denim and long skirts product received for free or reviewed as part of a sweepstakes promotion teamnike missmusician may 13 2020 originally posted at nordstrom 1 1 flag,,,,Nike Blazer Mid '77,True,NBY,105,False,105.0,BEST_SELLER,97,Positive,0.0,0.9617,0.233,0.031,0.736,Positive,Positive
4.0,"Apr 28, 2020",,Diyannadawn,classic kicks high quality but stiff leather and true to size be patient with these as far as breaking them in and lacing them according to your comfort the leather around the ankle is pretty rigid at first but the more you wear them the better this gets they look great with literally everything floral midi sweat pants etc product received for free or reviewed as part of a sweepstakes promotion teamnike diyannadawn apr 28 2020 originally posted at nordstrom 3 1 flag,,,,Nike Blazer Mid '77,True,NBY,105,False,105.0,BEST_SELLER,83,Positive,0.0,0.9787,0.252,0.018,0.73,Positive,Positive
5.0,"Sep 8, 2023","Middleport, NY, US",Location,there s only one awesome wanna know that people won t speak badly about your sneakers it s this simple wear these they re also comfortable vex luthor sep 8 2023 location middleport ny us size you normally wear 9 0 0 flag,True to Size,Very Comfortable,Yes,Air Jordan 1 Mid,False,Lucky Green/White/Black,125,True,100.97,IN_STOCK,43,Positive,24.03,0.8402,0.24,0.067,0.693,Positive,Positive
5.0,"Sep 7, 2023",US,MerrinessR542166547,mrs merriness richardson i purchased for my grandson and he truly loves them and the shipping was perfect timing i live nike for me and family all my needs ty ,True to Size,Very Comfortable,Yes,Air Jordan 1 Mid,False,Lucky Green/White/Black,125,True,100.97,IN_STOCK,30,Positive,24.03,0.9442,0.412,0.0,0.588,Positive,Positive
5.0,"Sep 7, 2023",US,Corey563211747,really good honestly my second pair of jordan mids i don t understand how people hate on them are are comfortable and nice style i have the lucky green white and now more recently university blue black jordan s and i can say they are amazing ,True to Size,Very Comfortable,Yes,Air Jordan 1 Mid,False,Lucky Green/White/Black,125,True,100.97,IN_STOCK,46,Positive,24.03,0.9379,0.337,0.065,0.598,Positive,Positive
5.0,"Sep 6, 2023",US,AlanR483173579,i love the colors real comfortable shoes they go well with everything ,True to Size,Very Comfortable,Yes,Air Jordan 1 Mid,False,Lucky Green/White/Black,125,True,100.97,IN_STOCK,12,Positive,24.03,0.8625,0.545,0.0,0.455,Positive,Positive
5.0,"Sep 6, 2023",US,mathewc754670114,can never go wrong with such an amazing shoe great looks great feel highly recommend purchasing these,True to Size,Average,Yes,Air Jordan 1 Mid,False,Lucky Green/White/Black,125,True,100.97,IN_STOCK,17,Positive,24.03,0.9542,0.591,0.0,0.409,Positive,Positive
5.0,"Sep 5, 2023",US,DougL909861881,have not had a pair of jordans since the 90 s and now i bought them to wear with my suit on spirit days at the high school where i work kids loved it and very comfortable too ,True to Size,Very Comfortable,Yes,Air Jordan 1 Mid,False,Lucky Green/White/Black,125,True,100.97,IN_STOCK,38,Positive,24.03,0.8479,0.229,0.0,0.771,Positive,Positive
4.0,"Sep 5, 2023",US,Jaxsen224464680,it talks about the colors and if you should gift it to someone it was a nice mix of the black and university blue it looks good with almost anything also it s an amazing gift ,True to Size,Average,Yes,Air Jordan 1 Mid,False,Lucky Green/White/Black,125,True,100.97,IN_STOCK,36,Positive,24.03,0.936,0.345,0.0,0.655,Positive,Positive
5.0,"Sep 5, 2023","Furlong, PA, US",Sean955080427,my aj1 palomino very comfortable and beautiful shoe the color combination is perfect mix for any evening party wear i get compliments every time i wear these shoes i m very happy with the quality of the product ,True to Size,Very Comfortable,Yes,Air Jordan 1 Mid,False,Lucky Green/White/Black,125,True,100.97,IN_STOCK,38,Positive,24.03,0.9676,0.427,0.0,0.573,Positive,Positive
5.0,"Sep 4, 2023",US,Aimee394782329,perfect shoes perfect shoe i bought these for my son he loves them ,True to Size,Average,Yes,Air Jordan 1 Mid,False,Lucky Green/White/Black,125,True,100.97,IN_STOCK,13,Positive,24.03,0.9022,0.552,0.0,0.448,Positive,Positive
5.0,"Sep 4, 2023",US,LorenzoC440018738,the best shoes highly recommend ,True to Size,Very Comfortable,Yes,Air Jordan 1 Mid,False,Lucky Green/White/Black,125,True,100.97,IN_STOCK,5,Positive,24.03,0.7902,0.7,0.0,0.3,Positive,Positive
5.0,"Nov 19, 2022",,Cute,cute this shoe is so cute on my foot my boyfriend was jealous so he got a pair jordan sneaker nov 19 2022 originally posted at hibbett sports 1 0 flag,,,,Air Jordan 1 Mid,False,Lucky Green/White/Black,125,True,100.97,IN_STOCK,31,Positive,24.03,0.4588,0.176,0.088,0.735,Positive,Positive
5.0,"Nov 19, 2022",Fargo North Dakota,Location,nice product very nice product and beautiful colors i really love it gbaway karlor nov 19 2022 location fargo north dakota originally posted at hibbett sports 1 0 flag,,,,Air Jordan 1 Mid,False,Lucky Green/White/Black,125,True,100.97,IN_STOCK,29,Positive,24.03,0.9324,0.389,0.0,0.611,Positive,Positive
5.0,"Nov 18, 2022",Atlanta,Location,love love love the shoe is very comfortable and the color is very vibrant i m in love nicole y nov 18 2022 location atlanta originally posted at hibbett sports 0 0 flag,,,,Air Jordan 1 Mid,False,Lucky Green/White/Black,125,True,100.97,IN_STOCK,33,Positive,24.03,0.9778,0.523,0.0,0.477,Positive,Positive
5.0,"Nov 18, 2022",South Carolina,OgCook1017,trendsetter jordan s is what i call them fantastic buy i love the colors first thing that caught my eyes i m very noticeable when i arrive there fresh first comment that comes from people is those are fresh i love the attention i get when wearing these js my friends even went out and bought a pair ogcook1017 nov 18 2022 location south carolina originally posted at hibbett sports 1 0 flag,,,,Air Jordan 1 Mid,False,Lucky Green/White/Black,125,True,100.97,IN_STOCK,73,Positive,24.03,0.9623,0.26,0.0,0.74,Positive,Positive
5.0,"Nov 18, 2022",Roxboro NC,Newman35,yes buddy i m super excited about this one ice cold super fast delivery i m very excited about this it s a wonderful purchase i looked everywhere and couldn t find them i m beyond excited newman35 nov 18 2022 location roxboro nc originally posted at hibbett sports 1 0 flag,,,,Air Jordan 1 Mid,False,Lucky Green/White/Black,125,True,100.97,IN_STOCK,52,Positive,24.03,0.9657,0.393,0.0,0.607,Positive,Positive
5.0,"Nov 15, 2022",Georgia,MsCiara,love them alot fire shoes fr fr i love the colors in memory of my friend llt1 msciara nov 15 2022 location georgia originally posted at hibbett sports 1 0 flag,,,,Air Jordan 1 Mid,False,Lucky Green/White/Black,125,True,100.97,IN_STOCK,31,Positive,24.03,0.8807,0.305,0.063,0.632,Positive,Positive
4.0,"Nov 15, 2022",Ohio,Maniblo,laker pro laker proof they look like the shoes the lakers would wear coming to the press room after the game maniblo nov 15 2022 location ohio originally posted at hibbett sports 1 0 flag,,,,Air Jordan 1 Mid,False,Lucky Green/White/Black,125,True,100.97,IN_STOCK,35,Positive,24.03,0.3612,0.072,0.0,0.928,Positive,Positive
5.0,"Nov 14, 2022",Las Vegas,Location,great shopping experience great place to shop everyone is very helpful lots of gear to choose from los dog nov 14 2022 location las vegas originally posted at hibbett sports 1 0 flag,,,,Air Jordan 1 Mid,False,Lucky Green/White/Black,125,True,100.97,IN_STOCK,33,Positive,24.03,0.9061,0.287,0.0,0.713,Positive,Positive
5.0,"Nov 14, 2022",,VelE,lakers 1s looks even better in person colors are really bold vele nov 14 2022 originally posted at hibbett sports 0 0 flag,,,,Air Jordan 1 Mid,False,Lucky Green/White/Black,125,True,100.97,IN_STOCK,23,Positive,24.03,0.6997,0.234,0.0,0.766,Positive,Positive
5.0,"Nov 14, 2022","Baltimore, MD",Location,very stylish and comfortable shipping was great great shoe love the colors i have five more pai sir smokes alot nov 14 2022 location baltimore md originally posted at hibbett sports 1 0 flag,,,,Air Jordan 1 Mid,False,Lucky Green/White/Black,125,True,100.97,IN_STOCK,34,Positive,24.03,0.9514,0.372,0.0,0.628,Positive,Positive
5.0,"Nov 13, 2022",TENNESSEE,sdun74,great colorway these are the perfect shoes to wear with your lakers gear product received for free or reviewed as part of a sweepstakes promotion teamnike sdun74 nov 13 2022 location tennessee originally posted at hibbett sports 0 0 flag,,,,Air Jordan 1 Mid,True,Lucky Green/White/Black,125,True,100.97,IN_STOCK,40,Positive,24.03,0.9022,0.246,0.0,0.754,Positive,Positive
5.0,"Nov 13, 2022",Indianapolis,Location,better than other shoe sites always quick delivery and loved the shoes arrived in 3 days p love nov 13 2022 location indianapolis originally posted at hibbett sports 1 0 flag,,,,Air Jordan 1 Mid,False,Lucky Green/White/Black,125,True,100.97,IN_STOCK,31,Positive,24.03,0.9001,0.314,0.0,0.686,Positive,Positive
5.0,"Nov 12, 2022","London, GB",alkins689485265,great ones great fit very good build quality alkins689485265 nov 12 2022 location london gb 0 0 flag,,,,Air Jordan 1 Mid,False,Lucky Green/White/Black,125,True,100.97,IN_STOCK,18,Positive,24.03,0.9312,0.537,0.0,0.463,Positive,Positive
5.0,"Nov 8, 2022",Biloxi Mississippi,Trujermaine,get this shoe i love this shoe if i can i will buy one more pair trujermaine nov 8 2022 location biloxi mississippi originally posted at hibbett sports 1 0 flag,,,,Air Jordan 1 Mid,False,Lucky Green/White/Black,125,True,100.97,IN_STOCK,31,Positive,24.03,0.6369,0.149,0.0,0.851,Positive,Positive
5.0,"Nov 8, 2022",South Florida,Location,great colorway super fast shipping gorgeous shoes fast shipping shoes are packaged well for shipping too jennifer e nov 8 2022 location south florida originally posted at hibbett sports 0 0 flag,,,,Air Jordan 1 Mid,False,Lucky Green/White/Black,125,True,100.97,IN_STOCK,32,Positive,24.03,0.9337,0.37,0.0,0.63,Positive,Positive
5.0,"Nov 1, 2022","Mason City, IA, US",RIchard819443770,i love jordans great looking shoe i m looking to buy these very soon richard819443770 nov 1 2022 location mason city ia us 1 0 flag,,,,Air Jordan 1 Mid,False,Lucky Green/White/Black,125,True,100.97,IN_STOCK,26,Positive,24.03,0.8519,0.316,0.0,0.684,Positive,Positive
4.0,"Aug 27, 2023",US,LisaT613958485,love them they do run small had to return first pair ,Runs Small,Average,Yes,Nike Air Max Correlate,False,White/New Green/Bright Mango/Black,100,False,100.0,IN_STOCK,11,Positive,0.0,0.6369,0.296,0.0,0.704,Positive,Positive
4.0,"Aug 21, 2023",US,Katherina640410210,run small the shoes look great however they run small and i will have to return them i did order the next size up though ,Runs Small,Uncomfortable,Yes,Nike Air Max Correlate,False,White/New Green/Bright Mango/Black,100,False,100.0,IN_STOCK,25,Positive,0.0,0.6249,0.157,0.0,0.843,Positive,Positive
5.0,"Aug 14, 2023",US,SNA000,very comfy i recommend ordering half a size bigger they run tight sna000 aug 14 2023 location us size you normally wear 8 0 0 flag,Runs Small,Very Comfortable,Yes,Nike Air Max Correlate,False,White/New Green/Bright Mango/Black,100,False,100.0,IN_STOCK,26,Positive,0.0,0.4173,0.122,0.0,0.878,Positive,Positive
4.0,"Aug 10, 2023",US,Good,good nice think good quality color is good,Runs Small,Uncomfortable,Yes,Nike Air Max Correlate,False,White/New Green/Bright Mango/Black,100,False,100.0,IN_STOCK,8,Positive,0.0,0.8885,0.742,0.0,0.258,Positive,Positive
5.0,"Aug 10, 2023",US,Juliana316187393,aight love the retro purple teal casual comfortable kicks,True to Size,Average,Yes,Nike Air Max Correlate,False,White/New Green/Bright Mango/Black,100,False,100.0,IN_STOCK,9,Positive,0.0,0.8519,0.608,0.0,0.392,Positive,Positive
5.0,"Jul 30, 2023",US,MinervaC943724777,true to size love these have them in the new green bright mango combination and always receive tons of compliments true to size such a great piece i am considering getting a second pair ,True to Size,Average,Yes,Nike Air Max Correlate,False,White/New Green/Bright Mango/Black,100,False,100.0,IN_STOCK,34,Positive,0.0,0.9612,0.438,0.0,0.562,Positive,Positive
5.0,"Jul 18, 2023","Canton, MI, US",Dana746685608,women s nike air max correlate my daughter loves them said their super comfy they did arrive with i glue spot on the back part of the outer side of right shoe which was not pleased about i have no transportation to go a return then so we re just going to keep them dana746685608 jul 18 2023 location canton mi us 0 0 flag,,,,Nike Air Max Correlate,False,White/New Green/Bright Mango/Black,100,False,100.0,IN_STOCK,65,Positive,0.0,0.6116,0.113,0.069,0.818,Positive,Positive
5.0,"Jul 8, 2023","Alhambra, CA, US",Alicia577810424,they need to be broken in i bought three pairs i wear a 9 5 and the 9 5 fit great after breaking them in i have the purple teal crimson yellow and black green pairs and they all felt tight at first since i broke the last two pair in the fit has been great super comfortable i m still working on the first pair but i m glad i didn t size up so far the correlates are the only shoes i don t have to size up on i held these up to a pair of air max 90s that are supposed to be the same size and the 90s are clearly much shorter alicia577810424 jul 8 2023 location alhambra ca us 0 0 flag,,,,Nike Air Max Correlate,False,White/New Green/Bright Mango/Black,100,False,100.0,IN_STOCK,128,Positive,0.0,0.9413,0.172,0.033,0.795,Positive,Positive
5.0,"Jul 5, 2023",US,Location,good sneakers order a half size larger i like these sneakers of all my nike sneakers these are the least comfortable i e i would not wear them to walk around they city all day if i were on vacation i recommend that you order a half size up to ensure a good fit elyse 861940591 jul 5 2023 location us 0 0 flag response from nike thanks for the feedback elyse 861940591 we always want you to be comfortable in each and every pair you know where to find us if you d like to chat about return or exchange options jul 6 2023,,,,Nike Air Max Correlate,False,White/New Green/Bright Mango/Black,100,False,100.0,IN_STOCK,105,Positive,0.0,0.9348,0.209,0.05,0.741,Positive,Positive
4.0,"Jun 20, 2023",US,ChantelL924222689,tight but cute i just got them so still need time to break them in but i can definitely tell they are tight either way i usually wear a size 7 1 2 and got a size 8 based on other reviews i m glad i sized up but they are still a little tight and i don t think it s due to being brand new overall they are cute and i love them chantell924222689 jun 20 2023 location us 1 0 flag,,,,Nike Air Max Correlate,False,White/New Green/Bright Mango/Black,100,False,100.0,IN_STOCK,84,Positive,0.0,0.9731,0.262,0.0,0.738,Positive,Positive
5.0,"Dec 2, 2019","Statesville , NC, US",porsherb348284823,if there were more colors i would get them all this shoe is comfy i love them porsherb348284823 dec 2 2019 location statesville nc us 5 0 flag,,,,Nike Air Max Correlate,False,White/New Green/Bright Mango/Black,100,False,100.0,IN_STOCK,28,Positive,0.0,0.6369,0.16,0.0,0.84,Positive,Positive
5.0,"Sep 3, 2023",US,kevinv41171953,air max 90 classic shoe in a great color way very comfortable and easily styled highly recommend ,True to Size,Very Comfortable,Yes,Nike Air Max 90,False,NBY,130,False,130.0,BEST_SELLER,17,Positive,0.0,0.9209,0.523,0.0,0.477,Positive,Positive
5.0,"Sep 1, 2023",US,tracyr32354775,great buy the sneakers are light weight size to description and very comfortable ,True to Size,Very Comfortable,Yes,Nike Air Max 90,False,NBY,130,False,130.0,BEST_SELLER,13,Positive,0.0,0.8268,0.412,0.0,0.588,Positive,Positive
5.0,"Aug 27, 2023",US,Classics,classics air max 90s are classics and always a stylish go to can t go wrong can be casual or hip because there air max 90s they fit snug not tight so maybe a half size up,True to Size,Average,Yes,Nike Air Max 90,False,NBY,130,False,130.0,BEST_SELLER,37,Positive,0.0,0.0516,0.112,0.081,0.807,Positive,Positive
5.0,"Aug 25, 2023",US,Brody318176134,10 10 haven t even put them on and there a 10,True to Size,Average,Yes,Nike Air Max 90,False,NBY,130,False,130.0,BEST_SELLER,12,Positive,0.0,0.0,0.0,0.0,1.0,Neutral,Positive
5.0,"Aug 24, 2023",US,JohnathanN892862096,quality shoes i m a size 10 and it was a perfect fit if you re wide footed maybe have to go up half a size also the shoes feel very light too which is nice can t wait to break them in ,True to Size,Very Comfortable,Yes,Nike Air Max 90,False,NBY,130,False,130.0,BEST_SELLER,43,Positive,0.0,0.8402,0.209,0.0,0.791,Positive,Positive
5.0,"Aug 22, 2023",US,DanilW798378416,one of the most comfortable sneakers out there especially for very long distance walking or jumping rope,True to Size,Very Comfortable,Yes,Nike Air Max 90,False,NBY,130,False,130.0,BEST_SELLER,17,Positive,0.0,0.5563,0.183,0.0,0.817,Positive,Positive
5.0,"Aug 21, 2023","Milwaukee, WI, US",Timothy598069716,classic style a classic design with a new color i ve never seen before always loved the look of air max 90s this is my second pair i bought through nike love em ,True to Size,Very Comfortable,Yes,Nike Air Max 90,False,NBY,130,False,130.0,BEST_SELLER,33,Positive,0.0,0.8442,0.231,0.0,0.769,Positive,Positive
4.0,"Aug 16, 2023",,Kurt,bequemer sneaker sind meine ersten sportschuhe seit jahren sind sehr bequem und werde mir bestimmt wieder welche zulegen kurt aug 16 2023 translate review 0 0 flag,,,,Nike Air Max 90,False,NBY,130,False,130.0,BEST_SELLER,27,Positive,0.0,0.0,0.0,0.0,1.0,Neutral,Positive
5.0,"Aug 15, 2023",US,coreyn969604710,very good shoe that i would recommend to anyone i would buy them again,True to Size,Very Comfortable,Yes,Nike Air Max 90,False,NBY,130,False,130.0,BEST_SELLER,14,Positive,0.0,0.6901,0.363,0.0,0.637,Positive,Positive
5.0,"Aug 13, 2023","Glasgow, GB",farahhaq07,perfect airman 90 has had them before and wanted another pair as they are so comfortable farahhaq07 aug 13 2023 location glasgow gb 0 0 flag,,,,Nike Air Max 90,False,NBY,130,False,130.0,BEST_SELLER,26,Positive,0.0,0.8377,0.265,0.0,0.735,Positive,Positive
5.0,"May 12, 2020",,Atljames,5 star shoes great comfort shoe that i highly recommend come in multi color for style you want be disappointed atljames may 12 2020 originally posted at hibbett sports 0 0 flag,,,,Nike Air Max 90,False,NBY,130,False,130.0,BEST_SELLER,32,Positive,0.0,0.7645,0.291,0.084,0.625,Positive,Positive
5.0,"May 12, 2020",,BIGTIM719,air max 90 great value and extremely comfortable my child loves them bigtim719 may 12 2020 originally posted at hibbett sports 0 0 flag,,,,Nike Air Max 90,False,NBY,130,False,130.0,BEST_SELLER,24,Positive,0.0,0.9299,0.434,0.0,0.566,Positive,Positive
5.0,"May 9, 2020",,0,love these sneakers great choice working sneakers and so comfortable may 9 2020 verified purchaser 0 0 flag,,,,Nike Air Max 90,False,NBY,130,False,130.0,BEST_SELLER,18,Positive,0.0,0.9266,0.511,0.0,0.489,Positive,Positive
5.0,"May 8, 2020",,0,love these shoes i love the shoes the price was really good as well c keeling may 8 2020 originally posted at hibbett sports 0 0 flag,,,,Nike Air Max 90,False,NBY,130,False,130.0,BEST_SELLER,27,Positive,0.0,0.932,0.437,0.0,0.563,Positive,Positive
5.0,"May 6, 2020",,Peter1,quality and shipping the order came in quick with zero flaws will be continuing to do business product received for free or reviewed as part of a sweepstakes promotion teamnike peter1 may 6 2020 originally posted at hibbett sports 0 0 flag,,,,Nike Air Max 90,True,NBY,130,False,130.0,BEST_SELLER,42,Positive,0.0,0.5106,0.082,0.0,0.918,Positive,Positive
5.0,"May 5, 2020",,Jonnyyboii,second favorite nike shoe ever most comfortable shoe ever this shoe is awesome and i highly recommend if you like air force 1s but wanna switch it up product received for free or reviewed as part of a sweepstakes promotion teamnike jonnyyboii may 5 2020 originally posted at nordstrom 0 0 flag,,,,Nike Air Max 90,True,NBY,130,False,130.0,BEST_SELLER,52,Positive,0.0,0.9176,0.267,0.0,0.733,Positive,Positive
5.0,"May 1, 2020",,Comfortable,comfortable very comfortable and stylish highly recommend wont regret tiger king may 1 2020 originally posted at hibbett sports 0 0 flag,,,,Nike Air Max 90,False,NBY,130,False,130.0,BEST_SELLER,22,Positive,0.0,0.8998,0.444,0.0,0.556,Positive,Positive
5.0,"Apr 30, 2020",,90Airmax,90airmax the service was very fast and appreciated the shoes feel excellent on my feet especially since i work in a warehouse walking on concrete allday i would like to thank you or yall for such great service and i will be shopping with hibberts again i also passed on this information to a friend as well reginald g apr 30 2020 originally posted at hibbett sports 0 0 flag,,,,Nike Air Max 90,False,NBY,130,False,130.0,BEST_SELLER,70,Positive,0.0,0.9668,0.286,0.0,0.714,Positive,Positive
5.0,"Apr 27, 2020","Wallingford, PA, US",C,perfect fit since we cannot get to a place where they sell sneakers because of covid 19 we had to purchase these online my husband was unsure about it as he is very picky about his footwear they arrived in a timely fashion and they fit perfectly he is very happy with them so i am ordering another pair for the future he walks a lot about 7 10 miles per day so another pair will be good c apr 27 2020 verified purchaser location wallingford pa us 1 0 flag,,,,Nike Air Max 90,False,NBY,130,False,130.0,BEST_SELLER,91,Positive,0.0,0.9571,0.202,0.02,0.777,Positive,Positive
5.0,"Apr 21, 2020",,1,nice shoes comfortable and stylish haven t purchased nikes is many years because i was always let down by their lack of support for my flat feet these had great arch support gwen m apr 21 2020 originally posted at hibbett sports 1 0 flag,,,,Nike Air Max 90,False,NBY,130,False,130.0,BEST_SELLER,45,Positive,0.0,0.9231,0.301,0.044,0.655,Positive,Positive
5.0,"Apr 10, 2020","Queens, NY, US",A,bangin as always nike is the best beyond any other sneaker i have ever wore a apr 10 2020 verified purchaser location queens ny us 0 0 flag,,,,Nike Air Max 90,False,NBY,130,False,130.0,BEST_SELLER,28,Positive,0.0,0.6369,0.154,0.0,0.846,Positive,Positive
5.0,"Apr 6, 2020","Tracy, CA, US",C,nike air very nice casual and super confortable i love it c apr 6 2020 verified purchaser location tracy ca us 0 0 flag,,,,Nike Air Max 90,False,NBY,130,False,130.0,BEST_SELLER,24,Positive,0.0,0.9227,0.469,0.0,0.531,Positive,Positive
5.0,"Apr 4, 2020",,3,happy customer this has always been a dream shoe so i was excited felt comfortable and looks really good mia khalifa apr 4 2020 3 0 flag,,,,Nike Air Max 90,False,NBY,130,False,130.0,BEST_SELLER,27,Positive,0.0,0.908,0.446,0.074,0.48,Positive,Positive
5.0,"Apr 1, 2020",,Roblab2020,loving them amazing very comfortable and stylish at the same time roblab2020 apr 1 2020 originally posted at hibbett sports 0 0 flag,,,,Nike Air Max 90,False,NBY,130,False,130.0,BEST_SELLER,23,Positive,0.0,0.9061,0.399,0.0,0.601,Positive,Positive
5.0,"Mar 30, 2020","Torrance, CA, US",L,classic air max 90 comfort the shoes have the classic styling with modern technology the fit and finish of the materials are great and the iron grey white dk smoke grey combo is clean i will purchase again as soon as another color scheme catches my eye l mar 30 2020 verified purchaser location torrance ca us 1 0 flag,,,,Nike Air Max 90,False,NBY,130,False,130.0,BEST_SELLER,60,Positive,0.0,0.9042,0.221,0.0,0.779,Positive,Positive
5.0,"Mar 25, 2020","Cleveland , OH, US",ovoisaac,great casual style shoe great shoe very comfortable to walk in i totally recommend this shoes teamairmax ovoisaac mar 25 2020 location cleveland oh us 1 0 flag,,,,Nike Air Max 90,False,NBY,130,False,130.0,BEST_SELLER,28,Positive,0.0,0.9467,0.45,0.0,0.55,Positive,Positive
5.0,"Mar 23, 2020",,Lynzie,air max look great and feel great my husband really enjoys the look of them lynzie mar 23 2020 originally posted at hibbett sports 1 1 flag,,,,Nike Air Max 90,False,NBY,130,False,130.0,BEST_SELLER,27,Positive,0.0,0.9152,0.349,0.0,0.651,Positive,Positive
5.0,"Jan 30, 2020",,WaynieJ92,air max 90 guy nice fit and goes well with my polo shirt and khakis wayniej92 jan 30 2020 originally posted at hibbett sports 2 1 flag,,,,Nike Air Max 90,False,NBY,130,False,130.0,BEST_SELLER,27,Positive,0.0,0.7506,0.252,0.0,0.748,Positive,Positive
5.0,"Aug 15, 2023","Jacksonville, FL, US",JakeS507809159,pound for pound one of the best sneakers nike makes note this is for the triple black pair i m a little biased since the air max plus tn s have always formed the best for my foot and lifestyle but i truly feel this is one of the most underrated silhouettes nike has to offer at the moment the terrascape iteration of the plus has i feel actually improved on the original in many ways the first thing of note would be the sizing for read more,True to Size,Very Comfortable,Yes,Nike Air Max Terrascape Plus,False,Black/Anthracite/Black/Anthracite,185,True,120.97,IN_STOCK,88,Positive,64.03,0.9408,0.173,0.015,0.812,Positive,Positive
4.0,"Jul 27, 2023",US,Him902260448,product review good product nice quality shoes,Runs Small,Average,Yes,Nike Air Max Terrascape Plus,False,Black/Anthracite/Black/Anthracite,185,True,120.97,IN_STOCK,7,Positive,64.03,0.6908,0.533,0.0,0.467,Positive,Positive
5.0,"Jul 24, 2023",US,Arina149354647,size fits very cool sneakers comfortable and stylish,True to Size,Very Comfortable,Yes,Nike Air Max Terrascape Plus,False,Black/Anthracite/Black/Anthracite,185,True,120.97,IN_STOCK,8,Positive,64.03,0.7316,0.506,0.0,0.494,Positive,Positive
1.0,"Apr 27, 2023","VA, US",mep118,how did this product fit true to size not my favorite they look like they been chewed on at the bottoms mep118 apr 27 2023 location va us 1 2 flag,,,,Nike Air Max Terrascape Plus,False,Black/Anthracite/Black/Anthracite,185,True,120.97,IN_STOCK,31,Negative,64.03,0.6508,0.221,0.07,0.709,Positive,Negative
5.0,"Apr 21, 2023",,DB77,great shoe recently purchased these and instantly fell in love with them as soon as i put them on very comfortable shoes even after walking around for hours would definitely recommend db77 apr 21 2023 originally posted at champs sports 0 0 flag,,,,Nike Air Max Terrascape Plus,False,Black/Anthracite/Black/Anthracite,185,True,120.97,IN_STOCK,43,Positive,64.03,0.9633,0.369,0.0,0.631,Positive,Positive
5.0,"Jan 2, 2023","High Wycombe, London, GB",Location,must haves sweet as a nut fits amazing ultra comfortable true to size much more durable than the originals i had all them years back in the 90s although those was just tns or 110s when they was that price lol cop these bad boys now selling fast cool e jan 2 2023 location high wycombe london gb 1 2 flag,,,,Nike Air Max Terrascape Plus,False,Black/Anthracite/Black/Anthracite,185,True,120.97,IN_STOCK,61,Positive,64.03,0.926,0.259,0.05,0.691,Positive,Positive
2.0,"Aug 25, 2023",US,chimmyjim,would you recommend this product no run small my son is barely growing into 8c so we decided to go a size up for these sandals 9c so he would grow into them by next summer they fit as though they were his current shoe size and don t leave a lot of room for him to grow these are not true to size chimmyjim aug 25 2023 location us 0 0 flag,Runs Small,Average,No,Nike Kawa,False,Black/White/White/White,28,False,28.0,IN_STOCK,73,Negative,0.0,0.1717,0.086,0.077,0.836,Positive,Negative
4.0,"Aug 21, 2023",US,CarlosC146571098,baby nike sandals my wife i chose the nike kawa sandals for our son the product fits true to size appear very comfortable on our son we d recommend this product ,True to Size,Very Comfortable,Yes,Nike Kawa,False,Black/White/White/White,28,False,28.0,IN_STOCK,31,Positive,0.0,0.8357,0.255,0.0,0.745,Positive,Positive
5.0,"Aug 10, 2023",,Prettyriy,great shoes i love the shoes super affordable and convienant for my baby product received for free or reviewed as part of a sweepstakes promotion teamnike prettyriy aug 10 2023 originally posted at foot locker 0 0 flag,,,,Nike Kawa,True,Black/White/White/White,28,False,28.0,IN_STOCK,38,Positive,0.0,0.9477,0.341,0.0,0.659,Positive,Positive
3.0,"Aug 7, 2023",,sizing,sizing not true to size dianne aug 7 2023 originally posted at kohl s 0 0 flag,,,,Nike Kawa,False,Black/White/White/White,28,False,28.0,IN_STOCK,17,Neutral,0.0,-0.3252,0.0,0.163,0.837,Negative,Neutral
5.0,"Jul 31, 2023",San diego,Anita12,my toddler loves them he hates putting on shoes but he loves these sandals he even brings them to me and they are so easy to put on this is the second size i purchased since the other ones are already small they run a bit small anita12 jul 31 2023 location san diego originally posted at hibbett sports 0 0 flag,,,,Nike Kawa,False,Black/White/White/White,28,False,28.0,IN_STOCK,62,Positive,0.0,0.9111,0.183,0.028,0.789,Positive,Positive
4.0,"Jul 28, 2023","CA, US",mikes440659393,runs very small they super small bought in regular nike sneaker size and they were way too small bought a full size larger than regular nike sneaker size and these barely fit they re nice looking and easy to put on and take off though ,Runs Small,Average,Yes,Nike Kawa,False,Black/White/White/White,28,False,28.0,IN_STOCK,45,Positive,0.0,0.9016,0.232,0.0,0.768,Positive,Positive
5.0,"Jul 23, 2023",US,terrilynb431740310,sooooo cutee my baby feet are soo cute with them on best thing ever,True to Size,Very Comfortable,Yes,Nike Kawa,False,Black/White/White/White,28,False,28.0,IN_STOCK,14,Positive,0.0,0.802,0.375,0.0,0.625,Positive,Positive
5.0,"Jul 21, 2023",Stanton Texas,JN17,amazing shoe good fit light weight doesn t come off can wear in pool product received for free or reviewed as part of a sweepstakes promotion teamnike jn17 jul 21 2023 location stanton texas 1 0 flag,,,,Nike Kawa,True,Black/White/White/White,28,False,28.0,IN_STOCK,37,Positive,0.0,0.91,0.301,0.0,0.699,Positive,Positive
5.0,"Jul 20, 2023",,0,nike toddler sandals perfect for my toddler she hates wearing shoes so was looking for something easy to put on and off she seems to like them and doesn t complain to take them off also they are super cute mother of 3 girls jul 20 2023 originally posted at nordstrom 0 0 flag,,,,Nike Kawa,False,Black/White/White/White,28,False,28.0,IN_STOCK,54,Positive,0.0,0.891,0.248,0.084,0.668,Positive,Positive
5.0,"Jul 19, 2023",US,JenniferP621679090,they run small these are so cute but my son trips over the front when he walks,Runs Small,Average,Yes,Nike Kawa,False,Black/White/White/White,28,False,28.0,IN_STOCK,17,Positive,0.0,0.347,0.132,0.0,0.868,Positive,Positive
4.0,"Dec 30, 2019",,KNK4LIFE,love them but they run really small i had to order 3 different times to figure out my sons true size in these they run about 2 sizes too small besides that they are super cute and stay on good knk4life dec 30 2019 originally posted at kohl s 0 0 flag,,,,Nike Kawa,False,Black/White/White/White,28,False,28.0,IN_STOCK,52,Positive,0.0,0.9661,0.322,0.0,0.678,Positive,Positive
5.0,"Dec 23, 2019",,MirandaB,light and easy great slideon light weight shoes for toddlers a good alternative to thongs mirandab dec 23 2019 0 0 flag,,,,Nike Kawa,False,Black/White/White/White,28,False,28.0,IN_STOCK,22,Positive,0.0,0.872,0.382,0.0,0.618,Positive,Positive
5.0,"Dec 22, 2019",,Rapkins,toddlers comfort awesome flexable and perfectly made product with max comfort for the little one rapkins dec 22 2019 0 0 flag,,,,Nike Kawa,False,Black/White/White/White,28,False,28.0,IN_STOCK,22,Positive,0.0,0.9231,0.454,0.0,0.546,Positive,Positive
5.0,"Dec 11, 2019",,Alistuhr,excellent toddler summer shoes great comfortable shoes for toddlers and actually stay on the feet unlike other brands alistuhr dec 11 2019 0 0 flag,,,,Nike Kawa,False,Black/White/White/White,28,False,28.0,IN_STOCK,25,Positive,0.0,0.9022,0.357,0.0,0.643,Positive,Positive
4.0,"Dec 9, 2019",,Jessib,comfortable but small make nice material and comfortable but a bit tight across the top of the foot and needed a size bigger jessib dec 9 2019 0 0 flag,,,,Nike Kawa,False,Black/White/White/White,28,False,28.0,IN_STOCK,30,Positive,0.0,0.91,0.373,0.0,0.627,Positive,Positive
5.0,"Dec 9, 2019",,Meek7,nike kawa slides these are great to quickly chuck on in summer the sizing is slightly smaller than normal buy one or two sizes up meek7 dec 9 2019 0 0 flag,,,,Nike Kawa,False,Black/White/White/White,28,False,28.0,IN_STOCK,32,Positive,0.0,0.6249,0.128,0.0,0.872,Positive,Positive
3.0,"Dec 9, 2019",,Raerar,sandals a way smaller than actual size unfortunately they are almost two sizes smaller than the actual size nice sandals though raerar dec 9 2019 0 0 flag,,,,Nike Kawa,False,Black/White/White/White,28,False,28.0,IN_STOCK,28,Neutral,0.0,0.1027,0.103,0.088,0.809,Positive,Neutral
2.0,"Dec 8, 2019",,0,cute but run small i ordered size 8c for my daughter she isn t that size yet it s supposed to be big for her but as soon as i opened the box i thought it was the wrong size they looked small compared to the other 8 shoes i received i tried them on her feet and they were squished now i have to go through the process or returning them amanda 56 dec 8 2019 originally posted at kohl s 0 0 flag,,,,Nike Kawa,False,Black/White/White/White,28,False,28.0,IN_STOCK,85,Negative,0.0,-0.4854,0.026,0.054,0.919,Negative,Negative
5.0,"Dec 7, 2019",,Bron99k,soft and comfy stylish and comfy for little babies love the design bron99k dec 7 2019 0 0 flag,,,,Nike Kawa,False,Black/White/White/White,28,False,28.0,IN_STOCK,19,Positive,0.0,0.6022,0.207,0.0,0.793,Positive,Positive
5.0,"Dec 3, 2019",,Caitlin104,summer shoes so cute definitely had to size up but they are a perfect summer shoe for toddlers caitlin104 dec 3 2019 0 0 flag,,,,Nike Kawa,False,Black/White/White/White,28,False,28.0,IN_STOCK,25,Positive,0.0,0.8581,0.345,0.0,0.655,Positive,Positive
5.0,"Oct 18, 2019",,GabyS,cute but small i bought these for my son and he was really excited to get them however when we received them the size 10 felt more like an 8 they are narrow and not great for kids with wide or chunky feet they are really nice and i would he loved them for my son gabys oct 18 2019 originally posted at macy s 0 0 flag,,,,Nike Kawa,False,Black/White/White/White,28,False,28.0,IN_STOCK,68,Positive,0.0,0.9358,0.236,0.056,0.707,Positive,Positive
5.0,"Sep 10, 2023",US,VictorG846330372,jordan 1 i love the black brown color scheme the suede on them they are for my grandson the double jj ,Runs Big,Average,Yes,Air Jordan 1 High OG,False,Black/White/Light Smoke Grey/Fire Red,140,False,140.0,BEST_SELLER,21,Positive,0.0,0.7351,0.267,0.0,0.733,Positive,Positive
5.0,"Sep 10, 2023",US,Beautiful,beautiful these shoes are a beauty they look great they are very comfortable and they look even better on foot i am so happy i was able to get these what a great birthday gift to myself i love my shoes and they came very quick megansade sep 10 2023 location us 0 0 flag,True to Size,Very Comfortable,Yes,Air Jordan 1 High OG,False,Black/White/Light Smoke Grey/Fire Red,140,False,140.0,BEST_SELLER,55,Positive,0.0,0.9884,0.467,0.0,0.533,Positive,Positive
5.0,"Sep 10, 2023",US,Raymond226289686,i love them the colors and style are awesome,True to Size,Very Comfortable,Yes,Air Jordan 1 High OG,False,Black/White/Light Smoke Grey/Fire Red,140,False,140.0,BEST_SELLER,9,Positive,0.0,0.8519,0.58,0.0,0.42,Positive,Positive
5.0,"Sep 10, 2023",US,Lizmary1229,loved them lizmary1229 sep 10 2023 location us 0 0 flag,Runs Small,Average,Yes,Air Jordan 1 High OG,False,Black/White/Light Smoke Grey/Fire Red,140,False,140.0,BEST_SELLER,11,Positive,0.0,0.5994,0.328,0.0,0.672,Positive,Positive
5.0,"Sep 10, 2023",US,brittanyk346179995,ones for the win love these for fall the brown is so nice in person they are comfortable and fit true to size i like to pair these with a sweatsuit ,True to Size,Average,Yes,Air Jordan 1 High OG,False,Black/White/Light Smoke Grey/Fire Red,140,False,140.0,BEST_SELLER,31,Positive,0.0,0.971,0.508,0.0,0.492,Positive,Positive
5.0,"Sep 10, 2023",US,Jacob950158138,very comfortable shoe and very nice love wearing them thank you nike ,True to Size,Very Comfortable,Yes,Air Jordan 1 High OG,False,Black/White/Light Smoke Grey/Fire Red,140,False,140.0,BEST_SELLER,12,Positive,0.0,0.9282,0.631,0.0,0.369,Positive,Positive
4.0,"Sep 6, 2023","CA, US",KieraA376645739,regular shoe box good shoe but i m mad the gs sizes don t always get the good boxes as men s sizes lost 1 star for that ,True to Size,Average,Yes,Air Jordan 1 High OG,False,Black/White/Light Smoke Grey/Fire Red,140,False,140.0,BEST_SELLER,28,Positive,0.0,-0.3506,0.181,0.226,0.593,Negative,Positive
5.0,"Aug 17, 2023",US,JuliaD737927024,9 year old shoe loving son is thrilled my son is young but he knows what he wants likes as soon as he saw this style he had his heart set on them and they look great on him he looks forward to wearing them on the first day of school and he was quite impressed with the detailed packaging as well as the box and fissure paper match the print shipping was fast ,True to Size,Very Comfortable,Yes,Air Jordan 1 High OG,False,Black/White/Light Smoke Grey/Fire Red,140,False,140.0,BEST_SELLER,74,Positive,0.0,0.9682,0.239,0.0,0.761,Positive,Positive
5.0,"Jul 31, 2023",US,Ethan14604755,definitely what they say they are but so much better in person thank you nike omg these shoes are one of a kind to me love them so much but i think from my own perspective everybody needs foam crease protection because when i first wore these amazing shoes they got a crease so i am getting foam crease protection so just warning u before u get any pair of shoes like air forces or air jordans 1 get foam crease protection otherwise your shoes will be creased and it s such a read more,True to Size,Very Comfortable,Yes,Air Jordan 1 High OG,False,Black/White/Light Smoke Grey/Fire Red,140,False,140.0,BEST_SELLER,95,Positive,0.0,0.9792,0.26,0.032,0.708,Positive,Positive
5.0,"Jul 28, 2023",US,Daniil431499335,great shoes super great shoes they fit very well and look soooo good the greatest shoe ever made,True to Size,Very Comfortable,Yes,Air Jordan 1 High OG,False,Black/White/Light Smoke Grey/Fire Red,140,False,140.0,BEST_SELLER,18,Positive,0.0,0.9753,0.687,0.0,0.313,Positive,Positive
5.0,"Jul 28, 2023",US,Danielle344915741,love the colors hhhhhhhhhhhhhhhhhhhhhhhhhhhhhhhhhhhhhhhhhhhhhhhhhhhhhhhhhhhhhhhhhhhhhhhhhhhhhhhhhhhhhhhhhhhh,True to Size,Average,Yes,Air Jordan 1 High OG,False,Black/White/Light Smoke Grey/Fire Red,140,False,140.0,BEST_SELLER,4,Positive,0.0,0.6369,0.583,0.0,0.417,Positive,Positive
5.0,"Jul 21, 2023",US,MikeP324146869,not only do they look great they are super comfortable ,True to Size,Very Comfortable,Yes,Air Jordan 1 High OG,False,Black/White/Light Smoke Grey/Fire Red,140,False,140.0,BEST_SELLER,10,Positive,0.0,0.9062,0.617,0.0,0.383,Positive,Positive
5.0,"Jul 19, 2023",US,Jessyka617804639,definitely recommend super cute shoes i love them and can t wait to wear them to school ,True to Size,Average,Yes,Air Jordan 1 High OG,False,Black/White/Light Smoke Grey/Fire Red,140,False,140.0,BEST_SELLER,17,Positive,0.0,0.946,0.62,0.0,0.38,Positive,Positive
5.0,"Jul 17, 2023","CA, US",christineb786040871,the best the best shoes in the world get them christineb786040871 jul 17 2023 location ca us 0 0 flag,,,,Air Jordan 1 High OG,False,Black/White/Light Smoke Grey/Fire Red,140,False,140.0,BEST_SELLER,20,Positive,0.0,0.8555,0.344,0.0,0.656,Positive,Positive
5.0,"Jul 11, 2023","Memphis, TN, US",Kyra155192971,they look good and smell soo good kyra155192971 jul 11 2023 location memphis tn us 0 0 flag,,,,Air Jordan 1 High OG,False,Black/White/Light Smoke Grey/Fire Red,140,False,140.0,BEST_SELLER,18,Positive,0.0,0.7003,0.293,0.0,0.707,Positive,Positive
5.0,"Jul 10, 2023","Deltona, US",Great,great it is the perfect shoe in the box it has a very cool design delmyb10815406 jul 10 2023 location deltona us 0 0 flag,,,,Air Jordan 1 High OG,False,Black/White/Light Smoke Grey/Fire Red,140,False,140.0,BEST_SELLER,25,Positive,0.0,0.8858,0.354,0.0,0.646,Positive,Positive
5.0,"Jul 7, 2023","Marietta, Georgia, GE",Benita719206542,loved the color green it s my favorite color leather texture is awesome recommend this shoe hard satisfied withe the green benita719206542 jul 7 2023 location marietta georgia ge 1 0 flag,,,,Air Jordan 1 High OG,False,Black/White/Light Smoke Grey/Fire Red,140,False,140.0,BEST_SELLER,32,Positive,0.0,0.9423,0.411,0.035,0.554,Positive,Positive
5.0,"Jul 3, 2023","SC, US",ygreen5960,love them and got many compliments they are very comfortable no complaints here ygreen5960 jul 3 2023 location sc us 1 0 flag,,,,Air Jordan 1 High OG,False,Black/White/Light Smoke Grey/Fire Red,140,False,140.0,BEST_SELLER,23,Positive,0.0,0.7228,0.339,0.176,0.485,Positive,Positive
5.0,"Jul 2, 2023","23231, VA, US",JonasiaR428362129,amazing shoe feel and look amazing shipping was very fast said the shoe wouldn t arrive till july 11 and the shoes were at my doorstep within 3 days definitely will order from here again 10 10 jonasiar428362129 jul 2 2023 location 23231 va us 0 0 flag,,,,Air Jordan 1 High OG,False,Black/White/Light Smoke Grey/Fire Red,140,False,140.0,BEST_SELLER,48,Positive,0.0,0.8834,0.205,0.0,0.795,Positive,Positive
5.0,"Jul 2, 2023","Virginia beach, VA, US",Alianna620338414,nice shoes i love these shoes unlike some jordan 1s i have these are actually pretty comfortable i love the colors too and find it easy to match with the mixed laces that the shoe comes with are also nice they look good with the mix match way i laced the shoes i 100 recommend alianna620338414 jul 2 2023 location virginia beach va us 0 0 flag,,,,Air Jordan 1 High OG,False,Black/White/Light Smoke Grey/Fire Red,140,False,140.0,BEST_SELLER,67,Positive,0.0,0.9814,0.365,0.0,0.635,Positive,Positive
5.0,"Jun 28, 2023","Knoxville, TN, US",yisheniqueg705270849,shoes are so amazing i love them yisheniqueg705270849 jun 28 2023 location knoxville tn us 0 0 flag,,,,Air Jordan 1 High OG,False,Black/White/Light Smoke Grey/Fire Red,140,False,140.0,BEST_SELLER,18,Positive,0.0,0.8846,0.418,0.0,0.582,Positive,Positive
5.0,"Jun 27, 2023","GA, US",ShuntellH349621466,great shoe love the color just purchased some pink laces for them shuntellh349621466 jun 27 2023 location ga us 0 0 flag,,,,Air Jordan 1 High OG,False,Black/White/Light Smoke Grey/Fire Red,140,False,140.0,BEST_SELLER,22,Positive,0.0,0.8519,0.316,0.0,0.684,Positive,Positive
5.0,"Jun 24, 2023","Dallas, TX, US",mhsenior0621,literally obsessed to be honest i found the shoes be down right amazing i didn t have any intention of purchasing these and just going to add to the collection but once i laced them with green laces for a pop of color i became obsessed within a matter of minutes so in love with these sneakers mhsenior0621 jun 24 2023 location dallas tx us 0 0 flag,,,,Air Jordan 1 High OG,False,Black/White/Light Smoke Grey/Fire Red,140,False,140.0,BEST_SELLER,68,Positive,0.0,0.9147,0.215,0.048,0.737,Positive,Positive
5.0,"Jun 20, 2023","Van Nuys, CA, US",AstridG74838383, cute astridg74838383 jun 20 2023 location van nuys ca us translate review 0 0 flag,,,,Air Jordan 1 High OG,False,Black/White/Light Smoke Grey/Fire Red,140,False,140.0,BEST_SELLER,15,Positive,0.0,0.4588,0.2,0.0,0.8,Positive,Positive
2.0,"Jun 17, 2023","Stafford, VA, US",lisaa139318865,how comfortable was this product average huge disappointment i love 1 s but these were a huge disappointment for me mine arrived smelling like industrial glue and within 15 minutes of wearing them they were creasing at the toes thankful i could return them should ve taken a picture before i returned them but thank nike for your awesome return policy lisaa139318865 jun 17 2023 location stafford va us 0 0 flag response from nike we re sorry to hear your aj1s didn t work out lisa but glad you were able to take advantage of our no questions asked return policy jun 20 2023,,,,Air Jordan 1 High OG,False,Black/White/Light Smoke Grey/Fire Red,140,False,140.0,BEST_SELLER,105,Negative,0.0,0.9726,0.265,0.087,0.649,Positive,Negative
5.0,"Jun 4, 2023",,MindyUSF,good shoe mindyusf jun 4 2023 0 0 flag,,,,Air Jordan 1 High OG,False,Black/White/Light Smoke Grey/Fire Red,140,False,140.0,BEST_SELLER,9,Positive,0.0,0.4404,0.367,0.0,0.633,Positive,Positive
5.0,"Mar 26, 2023",,Amazing,amazing amazing shoe i bought this and loved them shahzada205075209 mar 26 2023 11 3 flag,,,,Air Jordan 1 High OG,False,Black/White/Light Smoke Grey/Fire Red,140,False,140.0,BEST_SELLER,16,Positive,0.0,0.91,0.511,0.0,0.489,Positive,Positive
5.0,"Aug 20, 2023",US,JasonC694548807,great j s worth the price excellent fit and look bought for my son for 9th grade already had many compliments and offers to buy his j s in the first week ,True to Size,Very Comfortable,Yes,Air Jordan 1 Mid SE,False,Sail/Light Steel Grey/Black,135,False,135.0,BEST_SELLER,32,Positive,0.0,0.9313,0.393,0.0,0.607,Positive,Positive
5.0,"Aug 20, 2023",US,James545295910,this shoe is a perfect back to school shoe for the fall i look great in then and love them,True to Size,Very Comfortable,Yes,Air Jordan 1 Mid SE,False,Sail/Light Steel Grey/Black,135,False,135.0,BEST_SELLER,20,Positive,0.0,0.9186,0.444,0.0,0.556,Positive,Positive
4.0,"Aug 12, 2023",Oklahoma,carleigh86,the no logo on the side of the shoe is kinda weird but i m not sure if it s supposed to be like that or not other than that look great and fit nice carleigh86 aug 12 2023 location oklahoma originally posted at hibbett sports 1 0 flag,,,,Air Jordan 1 Mid SE,False,Sail/Light Steel Grey/Black,135,False,135.0,BEST_SELLER,49,Positive,0.0,0.9274,0.273,0.09,0.637,Positive,Positive
5.0,"Aug 6, 2023",AL,Location,beautiful shoe new school show and my daughter is in love with the color a watson aug 6 2023 location al originally posted at hibbett sports 0 0 flag,,,,Air Jordan 1 Mid SE,False,Sail/Light Steel Grey/Black,135,False,135.0,BEST_SELLER,29,Positive,0.0,0.8442,0.26,0.0,0.74,Positive,Positive
5.0,"Jul 31, 2023","Baltimore, Maryland",Location,hot color love the color goes with almost any outfit shoes are liked by everyone compliments compliments compliments lil feet long jul 31 2023 location baltimore maryland originally posted at hibbett sports 0 0 flag,,,,Air Jordan 1 Mid SE,False,Sail/Light Steel Grey/Black,135,False,135.0,BEST_SELLER,35,Positive,0.0,0.9337,0.35,0.0,0.65,Positive,Positive
5.0,"Jul 29, 2023",Albemarle nc,Great,great idk why other reviews say there is no jordan logo there is right on the side its the outline of the symbol and jordan jumpman on the tongue of the shoe i actually like that about them they re different very comfortable true to size they do not come with extra laces originally most shoes dont it s embroidered textured easy to wipe clean jameirra jul 29 2023 location albemarle nc originally posted at hibbett sports 0 0 flag,,,,Air Jordan 1 Mid SE,False,Sail/Light Steel Grey/Black,135,False,135.0,BEST_SELLER,80,Positive,0.0,0.9457,0.209,0.04,0.752,Positive,Positive
5.0,"Jul 24, 2023",US,AVAC740772618,air jordan rocks super awesome super cute shoes my granddaughter loves her air jordan 1 excellent color fits really nice and very comfortable ,True to Size,Very Comfortable,Yes,Air Jordan 1 Mid SE,False,Sail/Light Steel Grey/Black,135,False,135.0,BEST_SELLER,23,Positive,0.0,0.9834,0.674,0.0,0.326,Positive,Positive
5.0,"Jul 16, 2023","Milwaukee, WI, US",sherittaw873933380,love love love them nice color nice fit and gorgeous sherittaw873933380 jul 16 2023 location milwaukee wi us 1 0 flag,,,,Air Jordan 1 Mid SE,False,Sail/Light Steel Grey/Black,135,False,135.0,BEST_SELLER,21,Positive,0.0,0.9769,0.673,0.0,0.327,Positive,Positive
5.0,"Jul 16, 2023","MS, US",Good,good went up 1 2 a size for a better fit the material is soft and easy to clean overall good shoe hailees14825456 jul 16 2023 location ms us 0 1 flag,,,,Air Jordan 1 Mid SE,False,Sail/Light Steel Grey/Black,135,False,135.0,BEST_SELLER,32,Positive,0.0,0.9413,0.457,0.0,0.543,Positive,Positive
5.0,"Jul 14, 2023","FL, US",renae80392940,loved them so much they are so soft and fit perfectly renae80392940 jul 14 2023 location fl us 0 0 flag,,,,Air Jordan 1 Mid SE,False,Sail/Light Steel Grey/Black,135,False,135.0,BEST_SELLER,21,Positive,0.0,0.8971,0.404,0.0,0.596,Positive,Positive
4.0,"Sep 8, 2023",US,angelf834880190,good price came earlier than expected,Runs Big,Very Comfortable,Yes,Nike Air VaporMax Plus,False,Work Blue/Diffused Blue/White/Cool Grey,210,True,168.97,IN_STOCK,6,Positive,41.03,0.4404,0.367,0.0,0.633,Positive,Positive
5.0,"Sep 2, 2023",US,Troy2109,love my af 1 fresh this is a solid win for me i love this version of the af 1 fresh i love the comfort the af 1 offers but i prefer to ware mine without socks the fresh offers a leather insole that i find to be quite comfortable against by bare foot its perforated to help move air so my feet don t get hot or sweaty they are super easy to clean regular sneaker wipes do the job keeping them looking like new i read more troy2109 sep 2 2023 location us size you normally wear 11 5 0 0 flag,True to Size,Very Comfortable,Yes,Nike Air VaporMax Plus,False,Work Blue/Diffused Blue/White/Cool Grey,210,True,168.97,IN_STOCK,104,Positive,41.03,0.9912,0.373,0.0,0.627,Positive,Positive
5.0,"Aug 29, 2023",US,lisab259023764,very versatile my son loves this shoe very clean and comfy wears with sporty outfits and dress up outfits ,True to Size,Very Comfortable,Yes,Nike Air VaporMax Plus,False,Work Blue/Diffused Blue/White/Cool Grey,210,True,168.97,IN_STOCK,19,Positive,41.03,0.7713,0.282,0.0,0.718,Positive,Positive
5.0,"Aug 26, 2023",US,JoseM77988225,i really love these shoes i can t live without them,True to Size,Very Comfortable,Yes,Nike Air VaporMax Plus,False,Work Blue/Diffused Blue/White/Cool Grey,210,True,168.97,IN_STOCK,11,Positive,41.03,0.6697,0.391,0.0,0.609,Positive,Positive
5.0,"Aug 21, 2023",US,Anthony50661336,nice fitting shoe great fitting shoe inside and bottom nike never disappoint me,True to Size,Very Comfortable,Yes,Nike Air VaporMax Plus,False,Work Blue/Diffused Blue/White/Cool Grey,210,True,168.97,IN_STOCK,13,Positive,41.03,0.8465,0.478,0.0,0.522,Positive,Positive
5.0,"Aug 17, 2023",US,Katrina,best air force 1s i bought these for my cousin and his dad wanted them after i received them there are leather and very neat i wish they had my size i was getting them also for kids who don t care shoes especially white this is the best shoes for them katrina aug 17 2023 location us size you normally wear 10 0 0 flag response from nike glad they found their perfect pairs aug 18 2023,True to Size,Very Comfortable,Yes,Nike Air VaporMax Plus,False,Work Blue/Diffused Blue/White/Cool Grey,210,True,168.97,IN_STOCK,78,Positive,41.03,0.9766,0.277,0.0,0.723,Positive,Positive
5.0,"Aug 17, 2023",US,RakemaW24524484,timeles classic a timeless classic nothing like a pair of clean fresh smelling and crisp air force 1 lows i could not beat the price either i can almost never find these on sale ,True to Size,Very Comfortable,Yes,Nike Air VaporMax Plus,False,Work Blue/Diffused Blue/White/Cool Grey,210,True,168.97,IN_STOCK,34,Positive,41.03,0.2709,0.147,0.115,0.737,Positive,Positive
